<?xml version="1.0"?>
<VarLinks>
	<OwnerA Name="TIPC^CleanroomConnect^CleanroomConnect Instance">
		<OwnerB Name="TIID^Master (EtherCAT)^K1 (EK1200)^K21 (EL2809)">
			<Link VarA="PlcTask Outputs^GVL_Modules.g_emDockingInterface.s_cmClampsLowerHighPressure.Q_bStaOutput" VarB="Channel 8^Output"/>
			<Link VarA="PlcTask Outputs^GVL_Modules.g_emDockingInterface.s_cmClampsUpperHighPressure.Q_bStaOutput" VarB="Channel 7^Output"/>
			<Link VarA="PlcTask Outputs^GVL_Modules.g_emDockingInterface.s_cmDockingClampsLower.Q_bCmdOff" VarB="Channel 6^Output"/>
			<Link VarA="PlcTask Outputs^GVL_Modules.g_emDockingInterface.s_cmDockingClampsLower.Q_bCmdOn" VarB="Channel 5^Output"/>
			<Link VarA="PlcTask Outputs^GVL_Modules.g_emDockingInterface.s_cmDockingClampsUpper.Q_bCmdOff" VarB="Channel 4^Output"/>
			<Link VarA="PlcTask Outputs^GVL_Modules.g_emDockingInterface.s_cmDockingClampsUpper.Q_bCmdOn" VarB="Channel 3^Output"/>
			<Link VarA="PlcTask Outputs^GVL_Modules.g_emDockingInterface.s_cmDoorOpener.Q_bCmdOff" VarB="Channel 14^Output"/>
			<Link VarA="PlcTask Outputs^GVL_Modules.g_emDockingInterface.s_cmDoorOpener.Q_bCmdOn" VarB="Channel 13^Output"/>
			<Link VarA="PlcTask Outputs^GVL_Modules.g_emDockingInterface.s_cmDoorShutter.Q_bCmdOff" VarB="Channel 16^Output"/>
			<Link VarA="PlcTask Outputs^GVL_Modules.g_emDockingInterface.s_cmDoorShutter.Q_bCmdOn" VarB="Channel 15^Output"/>
			<Link VarA="PlcTask Outputs^GVL_Modules.g_emDockingInterface.s_cmUnlockingPinLower.Q_bCmdOff" VarB="Channel 12^Output"/>
			<Link VarA="PlcTask Outputs^GVL_Modules.g_emDockingInterface.s_cmUnlockingPinLower.Q_bCmdOn" VarB="Channel 11^Output"/>
			<Link VarA="PlcTask Outputs^GVL_Modules.g_emDockingInterface.s_cmUnlockingPinUpper.Q_bCmdOff" VarB="Channel 10^Output"/>
			<Link VarA="PlcTask Outputs^GVL_Modules.g_emDockingInterface.s_cmUnlockingPinUpper.Q_bCmdOn" VarB="Channel 9^Output"/>
			<Link VarA="PlcTask Outputs^GVL_Modules.g_emPalletConveyor.s_cmCenteringUnit.Q_bCmdOff" VarB="Channel 2^Output"/>
			<Link VarA="PlcTask Outputs^GVL_Modules.g_emPalletConveyor.s_cmCenteringUnit.Q_bCmdOn" VarB="Channel 1^Output"/>
		</OwnerB>
		<OwnerB Name="TIID^Master (EtherCAT)^K1 (EK1200)^K3 (EL1809)">
			<Link VarA="PlcTask Inputs^GVL_Modules.g_emUtilities.s_diAirPressureOk.I_bStaInput" VarB="Channel 7^Input"/>
			<Link VarA="PlcTask Inputs^GVL_Modules.g_emUtilities.s_diCabinetTemperatureOk.I_bStaInput" VarB="Channel 8^Input"/>
			<Link VarA="PlcTask Inputs^GVL_Modules.g_emUtilities.s_diPower230VacOk.I_bStaInput" VarB="Channel 3^Input"/>
			<Link VarA="PlcTask Inputs^GVL_Modules.g_emUtilities.s_diPower230VacSocketsOk.I_bStaInput" VarB="Channel 4^Input"/>
			<Link VarA="PlcTask Inputs^GVL_Modules.g_emUtilities.s_diPower400VacOk.I_bStaInput" VarB="Channel 2^Input"/>
			<Link VarA="PlcTask Inputs^GVL_Modules.g_emUtilities.s_diSafetyOk.I_bStaInput" VarB="Channel 1^Input"/>
		</OwnerB>
		<OwnerB Name="TIID^Master (EtherCAT)^K1 (EK1200)^K4 (EL1809)">
			<Link VarA="PlcTask Inputs^GVL_Modules.g_emDockingInterface.s_cmDockingClampsLower.I_bStaValveIsOff" VarB="Channel 16^Input"/>
			<Link VarA="PlcTask Inputs^GVL_Modules.g_emDockingInterface.s_cmDockingClampsUpper.I_bStaValveIsOff" VarB="Channel 12^Input"/>
			<Link VarA="PlcTask Inputs^GVL_Modules.g_emDockingInterface.s_cmDockingClampsUpper.I_bStaValveIsOff2" VarB="Channel 14^Input"/>
			<Link VarA="PlcTask Inputs^GVL_Modules.g_emDockingInterface.s_cmDockingClampsUpper.I_bStaValveIsOn" VarB="Channel 13^Input"/>
			<Link VarA="PlcTask Inputs^GVL_Modules.g_emDockingInterface.s_cmDockingClampsUpper.I_bStaValveIsOn2" VarB="Channel 15^Input"/>
			<Link VarA="PlcTask Inputs^GVL_Modules.g_emPalletConveyor.s_cmCenteringUnit.I_bStaValveIsOff" VarB="Channel 8^Input"/>
			<Link VarA="PlcTask Inputs^GVL_Modules.g_emPalletConveyor.s_cmCenteringUnit.I_bStaValveIsOff2" VarB="Channel 10^Input"/>
			<Link VarA="PlcTask Inputs^GVL_Modules.g_emPalletConveyor.s_cmCenteringUnit.I_bStaValveIsOn" VarB="Channel 9^Input"/>
			<Link VarA="PlcTask Inputs^GVL_Modules.g_emPalletConveyor.s_cmCenteringUnit.I_bStaValveIsOn2" VarB="Channel 11^Input"/>
			<Link VarA="PlcTask Inputs^GVL_Modules.g_emPalletConveyor.s_cmPalletConveyor.I_bStaMotorIsRunning" VarB="Channel 7^Input"/>
			<Link VarA="PlcTask Inputs^GVL_Modules.g_emPalletConveyor.s_cmPalletConveyor.I_bStaReadyForOperation" VarB="Channel 6^Input"/>
			<Link VarA="PlcTask Inputs^GVL_Modules.g_emPalletConveyor.s_diStaAtCenteringPosition.I_bStaInput" VarB="Channel 3^Input"/>
			<Link VarA="PlcTask Inputs^GVL_Modules.g_emPalletConveyor.s_diStaAtDockingPosition.I_bStaInput" VarB="Channel 4^Input"/>
			<Link VarA="PlcTask Inputs^GVL_Modules.g_emPalletConveyor.s_diStaAtInfeedPositionFront.I_bStaInput" VarB="Channel 2^Input"/>
			<Link VarA="PlcTask Inputs^GVL_Modules.g_emPalletConveyor.s_diStaAtInfeedPositionRear.I_bStaInput" VarB="Channel 1^Input"/>
			<Link VarA="PlcTask Inputs^GVL_Modules.g_emPalletConveyor.s_diStaDoorOpened.I_bStaInput" VarB="Channel 5^Input"/>
		</OwnerB>
		<OwnerB Name="TIID^Master (EtherCAT)^K1 (EK1200)^K5 (EL1809)">
			<Link VarA="PlcTask Inputs^GVL_Modules.g_emDockingInterface.s_cmDockingClampsLower.I_bStaValveIsOff2" VarB="Channel 2^Input"/>
			<Link VarA="PlcTask Inputs^GVL_Modules.g_emDockingInterface.s_cmDockingClampsLower.I_bStaValveIsOn" VarB="Channel 1^Input"/>
			<Link VarA="PlcTask Inputs^GVL_Modules.g_emDockingInterface.s_cmDockingClampsLower.I_bStaValveIsOn2" VarB="Channel 3^Input"/>
			<Link VarA="PlcTask Inputs^GVL_Modules.g_emDockingInterface.s_cmDoorOpener.I_bStaValveIsOff" VarB="Channel 8^Input"/>
			<Link VarA="PlcTask Inputs^GVL_Modules.g_emDockingInterface.s_cmDoorOpener.I_bStaValveIsOn" VarB="Channel 9^Input"/>
			<Link VarA="PlcTask Inputs^GVL_Modules.g_emDockingInterface.s_cmDoorShutter.I_bStaValveIsOff" VarB="Channel 11^Input"/>
			<Link VarA="PlcTask Inputs^GVL_Modules.g_emDockingInterface.s_cmDoorShutter.I_bStaValveIsOn" VarB="Channel 12^Input"/>
			<Link VarA="PlcTask Inputs^GVL_Modules.g_emDockingInterface.s_cmUnlockingPinLower.I_bStaValveIsOff" VarB="Channel 6^Input"/>
			<Link VarA="PlcTask Inputs^GVL_Modules.g_emDockingInterface.s_cmUnlockingPinLower.I_bStaValveIsOn" VarB="Channel 7^Input"/>
			<Link VarA="PlcTask Inputs^GVL_Modules.g_emDockingInterface.s_cmUnlockingPinUpper.I_bStaValveIsOff" VarB="Channel 4^Input"/>
			<Link VarA="PlcTask Inputs^GVL_Modules.g_emDockingInterface.s_cmUnlockingPinUpper.I_bStaValveIsOn" VarB="Channel 5^Input"/>
			<Link VarA="PlcTask Inputs^GVL_Modules.g_emDockingInterface.s_diStaDoorAlmostClosed.I_bStaInput" VarB="Channel 10^Input"/>
		</OwnerB>
		<OwnerB Name="TIID^Master (EtherCAT)^K1 (EK1200)^K7 (EL2809)">
			<Link VarA="PlcTask Outputs^GVL_Modules.g_emPalletConveyor.s_cmPalletConveyor.Q_bCmdEnable" VarB="Channel 6^Output"/>
			<Link VarA="PlcTask Outputs^GVL_Modules.g_emPalletConveyor.s_cmPalletConveyor.Q_bCmdReleaseBrake" VarB="Channel 9^Output"/>
			<Link VarA="PlcTask Outputs^GVL_Modules.g_emPalletConveyor.s_cmPalletConveyor.Q_bCmdReset" VarB="Channel 5^Output"/>
			<Link VarA="PlcTask Outputs^GVL_Modules.g_emPalletConveyor.s_cmPalletConveyor.Q_bCmdStartCCW" VarB="Channel 8^Output"/>
			<Link VarA="PlcTask Outputs^GVL_Modules.g_emPalletConveyor.s_cmPalletConveyor.Q_bCmdStartCW" VarB="Channel 7^Output"/>
			<Link VarA="PlcTask Outputs^GVL_Modules.g_emUtilities.s_doBeaconLedGreen.Q_bStaOutput" VarB="Channel 3^Output"/>
			<Link VarA="PlcTask Outputs^GVL_Modules.g_emUtilities.s_doBeaconLedRed.Q_bStaOutput" VarB="Channel 1^Output"/>
			<Link VarA="PlcTask Outputs^GVL_Modules.g_emUtilities.s_doBeaconLedYellow.Q_bStaOutput" VarB="Channel 2^Output"/>
		</OwnerB>
		<OwnerB Name="TIID^Master (EtherCAT)^K1 (EK1200)^K8 (EL4024)">
			<Link VarA="PlcTask Outputs^GVL_Modules.g_emPalletConveyor.s_cmPalletConveyor.Q_nSetTargetSpeed" VarB="AO Outputs Channel 1^Analog output"/>
		</OwnerB>
	</OwnerA>
</VarLinks>
