<?xml version="1.0"?>
<VarLinks>
	<OwnerA Name="TIPC^CleanroomConnect^CleanroomConnect Instance">
		<OwnerB Name="TIPC^HardwareSimulator^HardwareSimulator Instance">
			<Link VarA="PlcTask Inputs^GVL_Modules.g_emDockingInterface.s_cmDockingClampsLower.I_bStaValveIsOff" VarB="PlcTask Outputs^MAIN.simDockingClampLower.Q_bStaFeedbackOff"/>
			<Link VarA="PlcTask Inputs^GVL_Modules.g_emDockingInterface.s_cmDockingClampsLower.I_bStaValveIsOff2" VarB="PlcTask Outputs^MAIN.simDockingClampLower.Q_bStaFeedbackOff2"/>
			<Link VarA="PlcTask Inputs^GVL_Modules.g_emDockingInterface.s_cmDockingClampsLower.I_bStaValveIsOn" VarB="PlcTask Outputs^MAIN.simDockingClampLower.Q_bStaFeedbackOn"/>
			<Link VarA="PlcTask Inputs^GVL_Modules.g_emDockingInterface.s_cmDockingClampsLower.I_bStaValveIsOn2" VarB="PlcTask Outputs^MAIN.simDockingClampLower.Q_bStaFeedbackOn2"/>
			<Link VarA="PlcTask Inputs^GVL_Modules.g_emDockingInterface.s_cmDockingClampsUpper.I_bStaValveIsOff" VarB="PlcTask Outputs^MAIN.simDockingClampUpper.Q_bStaFeedbackOff"/>
			<Link VarA="PlcTask Inputs^GVL_Modules.g_emDockingInterface.s_cmDockingClampsUpper.I_bStaValveIsOff2" VarB="PlcTask Outputs^MAIN.simDockingClampUpper.Q_bStaFeedbackOff2"/>
			<Link VarA="PlcTask Inputs^GVL_Modules.g_emDockingInterface.s_cmDockingClampsUpper.I_bStaValveIsOn" VarB="PlcTask Outputs^MAIN.simDockingClampUpper.Q_bStaFeedbackOn"/>
			<Link VarA="PlcTask Inputs^GVL_Modules.g_emDockingInterface.s_cmDockingClampsUpper.I_bStaValveIsOn2" VarB="PlcTask Outputs^MAIN.simDockingClampUpper.Q_bStaFeedbackOn2"/>
			<Link VarA="PlcTask Inputs^GVL_Modules.g_emDockingInterface.s_cmDoorOpener.I_bStaValveIsOff" VarB="PlcTask Outputs^MAIN.simDoorOpener.Q_bStaFeedbackOff"/>
			<Link VarA="PlcTask Inputs^GVL_Modules.g_emDockingInterface.s_cmDoorOpener.I_bStaValveIsOn" VarB="PlcTask Outputs^MAIN.simDoorOpener.Q_bStaFeedbackOn"/>
			<Link VarA="PlcTask Inputs^GVL_Modules.g_emDockingInterface.s_cmDoorShutter.I_bStaValveIsOff" VarB="PlcTask Outputs^MAIN.simDoorShutter.Q_bStaFeedbackOff"/>
			<Link VarA="PlcTask Inputs^GVL_Modules.g_emDockingInterface.s_cmDoorShutter.I_bStaValveIsOn" VarB="PlcTask Outputs^MAIN.simDoorShutter.Q_bStaFeedbackOn"/>
			<Link VarA="PlcTask Inputs^GVL_Modules.g_emDockingInterface.s_cmUnlockingPinLower.I_bStaValveIsOff" VarB="PlcTask Outputs^MAIN.simUnlockPinLower.Q_bStaFeedbackOff"/>
			<Link VarA="PlcTask Inputs^GVL_Modules.g_emDockingInterface.s_cmUnlockingPinLower.I_bStaValveIsOn" VarB="PlcTask Outputs^MAIN.simUnlockPinLower.Q_bStaFeedbackOn"/>
			<Link VarA="PlcTask Inputs^GVL_Modules.g_emDockingInterface.s_cmUnlockingPinUpper.I_bStaValveIsOff" VarB="PlcTask Outputs^MAIN.simUnlockPinUpper.Q_bStaFeedbackOff"/>
			<Link VarA="PlcTask Inputs^GVL_Modules.g_emDockingInterface.s_cmUnlockingPinUpper.I_bStaValveIsOn" VarB="PlcTask Outputs^MAIN.simUnlockPinUpper.Q_bStaFeedbackOn"/>
			<Link VarA="PlcTask Inputs^GVL_Modules.g_emDockingInterface.s_diStaDoorAlmostClosed.I_bStaInput" VarB="PlcTask Outputs^MAIN.simDoorOpenerAlmostClosed"/>
			<Link VarA="PlcTask Inputs^GVL_Modules.g_emPalletConveyor.s_cmCenteringUnit.I_bStaValveIsOff" VarB="PlcTask Outputs^MAIN.simCentering.Q_bStaFeedbackOff"/>
			<Link VarA="PlcTask Inputs^GVL_Modules.g_emPalletConveyor.s_cmCenteringUnit.I_bStaValveIsOff2" VarB="PlcTask Outputs^MAIN.simCentering.Q_bStaFeedbackOff2"/>
			<Link VarA="PlcTask Inputs^GVL_Modules.g_emPalletConveyor.s_cmCenteringUnit.I_bStaValveIsOn" VarB="PlcTask Outputs^MAIN.simCentering.Q_bStaFeedbackOn"/>
			<Link VarA="PlcTask Inputs^GVL_Modules.g_emPalletConveyor.s_cmCenteringUnit.I_bStaValveIsOn2" VarB="PlcTask Outputs^MAIN.simCentering.Q_bStaFeedbackOn2"/>
			<Link VarA="PlcTask Inputs^GVL_Modules.g_emPalletConveyor.s_cmPalletConveyor.I_bStaMotorIsRunning" VarB="PlcTask Outputs^MAIN.sim_MOVITRAC_B.Q_bStaMotorIsRunning"/>
			<Link VarA="PlcTask Inputs^GVL_Modules.g_emPalletConveyor.s_cmPalletConveyor.I_bStaReadyForOperation" VarB="PlcTask Outputs^MAIN.sim_MOVITRAC_B.Q_bStaReadyForOperation"/>
			<Link VarA="PlcTask Inputs^GVL_Modules.g_emUtilities.s_diAirPressureOk.I_bStaInput" VarB="PlcTask Outputs^MAIN.simAirPressureOK"/>
			<Link VarA="PlcTask Inputs^GVL_Modules.g_emUtilities.s_diPower400VacOk.I_bStaInput" VarB="PlcTask Outputs^MAIN.simPowerOK"/>
			<Link VarA="PlcTask Inputs^GVL_Modules.g_emUtilities.s_diSafetyOk.I_bStaInput" VarB="PlcTask Outputs^MAIN.simSafetyOK"/>
			<Link VarA="PlcTask Outputs^GVL_Modules.g_emDockingInterface.s_cmDockingClampsLower.Q_bCmdOff" VarB="PlcTask Inputs^MAIN.simDockingClampLower.I_bCmdValveOff"/>
			<Link VarA="PlcTask Outputs^GVL_Modules.g_emDockingInterface.s_cmDockingClampsLower.Q_bCmdOn" VarB="PlcTask Inputs^MAIN.simDockingClampLower.I_bCmdValveOn"/>
			<Link VarA="PlcTask Outputs^GVL_Modules.g_emDockingInterface.s_cmDockingClampsUpper.Q_bCmdOff" VarB="PlcTask Inputs^MAIN.simDockingClampUpper.I_bCmdValveOff"/>
			<Link VarA="PlcTask Outputs^GVL_Modules.g_emDockingInterface.s_cmDockingClampsUpper.Q_bCmdOn" VarB="PlcTask Inputs^MAIN.simDockingClampUpper.I_bCmdValveOn"/>
			<Link VarA="PlcTask Outputs^GVL_Modules.g_emDockingInterface.s_cmDoorOpener.Q_bCmdOff" VarB="PlcTask Inputs^MAIN.simDoorOpener.I_bCmdValveOff"/>
			<Link VarA="PlcTask Outputs^GVL_Modules.g_emDockingInterface.s_cmDoorOpener.Q_bCmdOn" VarB="PlcTask Inputs^MAIN.simDoorOpener.I_bCmdValveOn"/>
			<Link VarA="PlcTask Outputs^GVL_Modules.g_emDockingInterface.s_cmDoorShutter.Q_bCmdOff" VarB="PlcTask Inputs^MAIN.simDoorShutter.I_bCmdValveOff"/>
			<Link VarA="PlcTask Outputs^GVL_Modules.g_emDockingInterface.s_cmDoorShutter.Q_bCmdOn" VarB="PlcTask Inputs^MAIN.simDoorShutter.I_bCmdValveOn"/>
			<Link VarA="PlcTask Outputs^GVL_Modules.g_emDockingInterface.s_cmUnlockingPinLower.Q_bCmdOff" VarB="PlcTask Inputs^MAIN.simUnlockPinLower.I_bCmdValveOff"/>
			<Link VarA="PlcTask Outputs^GVL_Modules.g_emDockingInterface.s_cmUnlockingPinLower.Q_bCmdOn" VarB="PlcTask Inputs^MAIN.simUnlockPinLower.I_bCmdValveOn"/>
			<Link VarA="PlcTask Outputs^GVL_Modules.g_emDockingInterface.s_cmUnlockingPinUpper.Q_bCmdOff" VarB="PlcTask Inputs^MAIN.simUnlockPinUpper.I_bCmdValveOff"/>
			<Link VarA="PlcTask Outputs^GVL_Modules.g_emDockingInterface.s_cmUnlockingPinUpper.Q_bCmdOn" VarB="PlcTask Inputs^MAIN.simUnlockPinUpper.I_bCmdValveOn"/>
			<Link VarA="PlcTask Outputs^GVL_Modules.g_emPalletConveyor.s_cmCenteringUnit.Q_bCmdOff" VarB="PlcTask Inputs^MAIN.simCentering.I_bCmdValveOff"/>
			<Link VarA="PlcTask Outputs^GVL_Modules.g_emPalletConveyor.s_cmCenteringUnit.Q_bCmdOn" VarB="PlcTask Inputs^MAIN.simCentering.I_bCmdValveOn"/>
			<Link VarA="PlcTask Outputs^GVL_Modules.g_emPalletConveyor.s_cmPalletConveyor.Q_bCmdEnable" VarB="PlcTask Inputs^MAIN.sim_MOVITRAC_B.I_bCmdEnable"/>
			<Link VarA="PlcTask Outputs^GVL_Modules.g_emPalletConveyor.s_cmPalletConveyor.Q_bCmdReset" VarB="PlcTask Inputs^MAIN.sim_MOVITRAC_B.I_bCmdReset"/>
			<Link VarA="PlcTask Outputs^GVL_Modules.g_emPalletConveyor.s_cmPalletConveyor.Q_bCmdStartCCW" VarB="PlcTask Inputs^MAIN.sim_MOVITRAC_B.I_bCmdStartCCW"/>
			<Link VarA="PlcTask Outputs^GVL_Modules.g_emPalletConveyor.s_cmPalletConveyor.Q_bCmdStartCW" VarB="PlcTask Inputs^MAIN.sim_MOVITRAC_B.I_bCmdStartCW"/>
		</OwnerB>
	</OwnerA>
</VarLinks>
